feature,importance
Borough categories (hashed total),22.505840301513672
trip_distance,1.1325589418411255
speed_mph,0.44161251187324524
duration_min,0.4415704905986786
dow,0.1358231157064438
hour,0.07971367985010147
