feature,importance
Borough categories (hashed total),272.92202591896057
dow,162.620361328125
hour,10.887530326843262
trip_distance,7.456127643585205
speed_mph,6.313331604003906
duration_min,5.134383678436279
