feature,importance
Borough categories (hashed total),89.57974088191986
dow,37.9432487487793
hour,3.7076165676116943
duration_min,3.055173635482788
speed_mph,2.871527671813965
trip_distance,2.82963490486145
