feature,importance
Borough categories (hashed total),22.596858978271484
trip_distance,1.1028519868850708
duration_min,0.4137168228626251
speed_mph,0.39724287390708923
dow,0.10401046276092529
hour,0.04278291389346123
