model,macro_accuracy,macro_f1
Majority baseline,0.3333333333333333,0.24999270854600075
"XGB(incremental, balanced)",0.5588325835315698,0.4481893273614166
