model,accuracy,macro_f1
HGB,0.9128385185630723,0.8523813847664207
LogReg_balanced,0.7611686690825977,0.6771702664220952
