model,accuracy,macro_f1
HGB,0.7834625181867696,0.6450108618508862
LogReg_balanced,0.6286242685467122,0.554807105090506
