model,macro_accuracy,macro_f1
Majority baseline,0.3333333333333333,0.24999635421983432
"XGB(incremental, balanced)",0.5679466050839187,0.46753864388362615
