model,macro_accuracy,macro_f1
Majority baseline,0.3333333333333333,0.2507036939309023
"SGD(partial_fit, balanced)",0.5516486381875416,0.4835563928159816
